{
  "project_info": {
    "project_number": "284524556001",
    "project_id": "mygauth-350ce",
    "storage_bucket": "mygauth-350ce.appspot.com"
  },
  "client": [
    {
      "client_info": {
        "mobilesdk_app_id": "1:284524556001:android:b032721d81c28f902d11a0",
        "android_client_info": {
          "package_name": "com.example.mygauth"
        }
      },
      "oauth_client": [
        {
          "client_id": "284524556001-oqmr2819nailh97e0mk23gq1thikl69m.apps.googleusercontent.com",
          "client_type": 1,
          "android_info": {
            "package_name": "com.example.mygauth",
            "certificate_hash": "e4a9ea841cb44e491d67b8e48efdfb2c2fc0544c"
          }
        },
        {
          "client_id": "284524556001-mo15f17m5dpg2323mgsb3jlnutt7i4s9.apps.googleusercontent.com",
          "client_type": 3
        }
      ],
      "api_key": [
        {
          "current_key": "AIzaSyAH79RRvejYVkf3M846gtbnrL6QB1CntVA"
        }
      ],
      "services": {
        "appinvite_service": {
          "other_platform_oauth_client": [
            {
              "client_id": "284524556001-mo15f17m5dpg2323mgsb3jlnutt7i4s9.apps.googleusercontent.com",
              "client_type": 3
            }
          ]
        }
      }
    }
  ],
  "configuration_version": "1"
}